{
  "Name": "(Custom) Demeo Reloaded",
  "Description": "The fight for the future begins...",
  "Longdesc": "",
  "Rules": [
    {
      "Rule": "SpawnCategoryOverridden",
      "Config": {
        "BigBoiMutant": [
          3,
          1,
          1
        ],
        "LargeCorruption": [
          3,
          1,
          1
        ],
        "ReptileArcher": [
          3,
          1,
          1
        ],
        "ReptileMutantWizard": [
          3,
          1,
          1
        ],
        "ServantOfAlfaragh": [
          2,
          1,
          1
        ],
        "EmptySandPile": [
          2,
          1,
          1
        ],
        "GoldSandPile": [
          2,
          1,
          1
        ],
        "SmallCorruption": [
          4,
          1,
          1
        ],
        "GeneralRonthian": [
          2,
          1,
          1
        ],
        "Wyvern": [
          2,
          1,
          2
        ],
        "Cavetroll": [
          2,
          1,
          1
        ],
        "RootGolem": [
          2,
          1,
          2
        ],
        "Brookmare": [
          2,
          1,
          2
        ],
        "Gorgon": [
          2,
          1,
          2
        ],
        "SilentSentinel": [
          2,
          1,
          2
        ],
        "ElvenArcher": [
          4,
          2,
          1
        ],
        "ElvenHound": [
          5,
          2,
          1
        ],
        "RootHound": [
          5,
          2,
          1
        ],
        "TheUnspoken": [
          4,
          1,
          1
        ],
        "Mimic": [
          2,
          1,
          1
        ],
        "EarthElemental": [
          2,
          1,
          1
        ],
        "Sigataur": [
          2,
          1,
          1
        ],
        "ChestGoblin": [
          2,
          1,
          1
        ],
        "CultMemberElder": [
          4,
          2,
          1
        ],
        "ElvenCultist": [
          4,
          2,
          1
        ],
        "SpiderEgg": [
          4,
          1,
          1
        ],
        "GiantSlime": [
          2,
          1,
          1
        ],
        "FireElemental": [
          3,
          1,
          1
        ],
        "ElvenMarauder": [
          2,
          1,
          1
        ],
        "IceElemental": [
          2,
          1,
          1
        ],
        "GiantSpider": [
          2,
          1,
          1
        ],
        "Bandit": [
          4,
          1,
          1
        ],
        "DruidArcher": [
          4,
          2,
          1
        ],
        "DruidHoundMaster": [
          4,
          2,
          1
        ],
        "GoblinChieftan": [
          4,
          2,
          1
        ],
        "GoblinMadUn": [
          4,
          2,
          1
        ],
        "RootBeast": [
          4,
          2,
          1
        ],
        "ScabRat": [
          4,
          2,
          1
        ],
        "Spider": [
          4,
          2,
          1
        ],
        "Rat": [
          4,
          2,
          1
        ],
        "TheUnheard": [
          3,
          1,
          2
        ],
        "Slimeling": [
          4,
          1,
          1
        ],
        "Thug": [
          4,
          2,
          1
        ],
        "ElvenMystic": [
          4,
          1,
          1
        ],
        "ElvenPriest": [
          4,
          1,
          1
        ],
        "ElvenSkirmisher": [
          4,
          2,
          1
        ],
        "GoblinFighter": [
          5,
          2,
          1
        ],
        "GoblinRanger": [
          5,
          2,
          1
        ],
        "KillerBee": [
          4,
          2,
          1
        ],
        "RatNest": [
          4,
          2,
          1
        ],
        "RootMage": [
          4,
          2,
          1
        ],
        "SporeFungus": [
          4,
          1,
          1
        ],
        "ElvenSpearman": [
          4,
          1,
          1
        ]
      }
    },
    {
      "Rule": "StartCardsModified",
      "Config": {
        "HeroBarbarian": [
          {
            "Card": "TorchLight",
            "ReplenishFrequency": 0
          },
          {
            "Card": "Heal",
            "ReplenishFrequency": 0
          },
          {
            "Card": "GrapplingSmash",
            "ReplenishFrequency": 0
          },
          {
            "Card": "GrapplingPush",
            "ReplenishFrequency": 0
          },
          {
            "Card": "TauntingScream",
            "ReplenishFrequency": 0
          },
          {
            "Card": "ExplodingLampPlaceholder",
            "ReplenishFrequency": 1
          },
          {
            "Card": "Grapple",
            "ReplenishFrequency": 1
          }
        ],
        "HeroWarlock": [
          {
            "Card": "TorchLight",
            "ReplenishFrequency": 0
          },
          {
            "Card": "Heal",
            "ReplenishFrequency": 0
          },
          {
            "Card": "Implode",
            "ReplenishFrequency": 0
          },
          {
            "Card": "MissileSwarm",
            "ReplenishFrequency": 0
          },
          {
            "Card": "Deflect",
            "ReplenishFrequency": 0
          },
          {
            "Card": "MinionCharge",
            "ReplenishFrequency": 1
          },
          {
            "Card": "MagicMissile",
            "ReplenishFrequency": 1
          },
          {
            "Card": "MagicMissile",
            "ReplenishFrequency": 1
          }
        ],
        "HeroBard": [
          {
            "Card": "TorchLight",
            "ReplenishFrequency": 0
          },
          {
            "Card": "Heal",
            "ReplenishFrequency": 0
          },
          {
            "Card": "Tornado",
            "ReplenishFrequency": 0
          },
          {
            "Card": "SongOfRecovery",
            "ReplenishFrequency": 0
          },
          {
            "Card": "ShatteringVoice",
            "ReplenishFrequency": 0
          },
          {
            "Card": "TurretHealProjectile",
            "ReplenishFrequency": 5
          },
          {
            "Card": "StrengthenCourage",
            "ReplenishFrequency": 1
          }
        ],
        "HeroGuardian": [
          {
            "Card": "TorchLight",
            "ReplenishFrequency": 0
          },
          {
            "Card": "Heal",
            "ReplenishFrequency": 0
          },
          {
            "Card": "Whirlwind",
            "ReplenishFrequency": 0
          },
          {
            "Card": "PiercingSpear",
            "ReplenishFrequency": 0
          },
          {
            "Card": "Charge",
            "ReplenishFrequency": 0
          },
          {
            "Card": "Grab",
            "ReplenishFrequency": 1
          },
          {
            "Card": "ReplenishArmor",
            "ReplenishFrequency": 1
          }
        ],
        "HeroHunter": [
          {
            "Card": "TorchLight",
            "ReplenishFrequency": 0
          },
          {
            "Card": "Heal",
            "ReplenishFrequency": 0
          },
          {
            "Card": "Exterminate",
            "ReplenishFrequency": 0
          },
          {
            "Card": "PoisonedTip",
            "ReplenishFrequency": 0
          },
          {
            "Card": "MonsterBait",
            "ReplenishFrequency": 0
          },
          {
            "Card": "HunterArrow",
            "ReplenishFrequency": 1
          },
          {
            "Card": "HunterArrow",
            "ReplenishFrequency": 1
          }
        ],
        "HeroRogue": [
          {
            "Card": "TorchLight",
            "ReplenishFrequency": 0
          },
          {
            "Card": "Stealth",
            "ReplenishFrequency": 1
          },
          {
            "Card": "Heal",
            "ReplenishFrequency": 0
          },
          {
            "Card": "Blink",
            "ReplenishFrequency": 0
          },
          {
            "Card": "PoisonGasGrenade",
            "ReplenishFrequency": 0
          },
          {
            "Card": "CursedDagger",
            "ReplenishFrequency": 0
          },
          {
            "Card": "DiseasedBite",
            "ReplenishFrequency": 1
          }
        ],
        "HeroSorcerer": [
          {
            "Card": "TorchLight",
            "ReplenishFrequency": 0
          },
          {
            "Card": "Zap",
            "ReplenishFrequency": 1
          },
          {
            "Card": "Heal",
            "ReplenishFrequency": 0
          },
          {
            "Card": "Fireball",
            "ReplenishFrequency": 0
          },
          {
            "Card": "Freeze",
            "ReplenishFrequency": 0
          },
          {
            "Card": "SummonElemental",
            "ReplenishFrequency": 0
          },
          {
            "Card": "Electricity",
            "ReplenishFrequency": 1
          }
        ]
      }
    },
    {
      "Rule": "PieceConfigAdjusted",
      "Config": [
        {
          "Piece": "HeroBarbarian",
          "Property": "StartHealth",
          "Value": 15.0
        },
        {
          "Piece": "HeroBarbarian",
          "Property": "AttackDamage",
          "Value": 5.0
        },
        {
          "Piece": "HeroBarbarian",
          "Property": "CriticalHitDamage",
          "Value": 13.0
        },
        {
          "Piece": "HeroBarbarian",
          "Property": "MoveRange",
          "Value": 5.0
        },
        {
          "Piece": "HeroHunter",
          "Property": "ActionPoint",
          "Value": 3.0
        },
        {
          "Piece": "HeroRogue",
          "Property": "MoveRange",
          "Value": 5.0
        },
        {
          "Piece": "HeroWarlock",
          "Property": "StartHealth",
          "Value": 11.0
        },
        {
          "Piece": "HeroBard",
          "Property": "StartHealth",
          "Value": 12.0
        },
        {
          "Piece": "HeroGuardian",
          "Property": "StartHealth",
          "Value": 16.0
        },
        {
          "Piece": "HeroRogue",
          "Property": "StartHealth",
          "Value": 13.0
        },
        {
          "Piece": "HeroHunter",
          "Property": "StartHealth",
          "Value": 14.0
        },
        {
          "Piece": "HeroSorcerer",
          "Property": "StartHealth",
          "Value": 12.0
        },
        {
          "Piece": "HeroBard",
          "Property": "AttackDamage",
          "Value": 2.0
        },
        {
          "Piece": "HeroSorcerer",
          "Property": "AttackDamage",
          "Value": 1.0
        },
        {
          "Piece": "HeroGuardian",
          "Property": "AttackDamage",
          "Value": 4.0
        },
        {
          "Piece": "HeroBard",
          "Property": "CriticalHitDamage",
          "Value": 5.0
        },
        {
          "Piece": "HeroSorcerer",
          "Property": "CriticalHitDamage",
          "Value": 3.0
        },
        {
          "Piece": "HeroGuardian",
          "Property": "CriticalHitDamage",
          "Value": 9.0
        },
        {
          "Piece": "HeroRogue",
          "Property": "CriticalHitDamage",
          "Value": 11.0
        },
        {
          "Piece": "Mimic",
          "Property": "BerserkBelowHealth",
          "Value": 0.99
        },
        {
          "Piece": "Mimic",
          "Property": "StartArmor",
          "Value": 5.0
        },
        {
          "Piece": "Mimic",
          "Property": "StartHealth",
          "Value": 14.0
        },
        {
          "Piece": "Mimic",
          "Property": "MoveRange",
          "Value": 3.0
        },
        {
          "Piece": "Mimic",
          "Property": "AttackDamage",
          "Value": 5.0
        },
        {
          "Piece": "ChestGoblin",
          "Property": "AttackDamage",
          "Value": 3.0
        },
        {
          "Piece": "ChestGoblin",
          "Property": "StartHealth",
          "Value": 12.0
        },
        {
          "Piece": "ChestGoblin",
          "Property": "MoveRange",
          "Value": 3.0
        },
        {
          "Piece": "Wyvern",
          "Property": "BerserkBelowHealth",
          "Value": 0.65
        },
        {
          "Piece": "Wyvern",
          "Property": "BarkArmor",
          "Value": 1.0
        },
        {
          "Piece": "Wyvern",
          "Property": "MoveRange",
          "Value": 3.0
        },
        {
          "Piece": "Wyvern",
          "Property": "AttackDamage",
          "Value": 4.0
        },
        {
          "Piece": "Wyvern",
          "Property": "StartHealth",
          "Value": 25.0
        },
        {
          "Piece": "Bandit",
          "Property": "WaterTrailChance",
          "Value": 0.15
        },
        {
          "Piece": "Thug",
          "Property": "WaterTrailChance",
          "Value": 0.15
        },
        {
          "Piece": "KillerBee",
          "Property": "WaterTrailChance",
          "Value": 0.15
        },
        {
          "Piece": "Rat",
          "Property": "WaterTrailChance",
          "Value": 0.15
        },
        {
          "Piece": "Spider",
          "Property": "WaterTrailChance",
          "Value": 0.15
        },
        {
          "Piece": "ElvenHound",
          "Property": "WaterTrailChance",
          "Value": 0.15
        },
        {
          "Piece": "Verochka",
          "Property": "StartHealth",
          "Value": 14.0
        },
        {
          "Piece": "WarlockMinion",
          "Property": "StartHealth",
          "Value": 8.0
        },
        {
          "Piece": "Barricade",
          "Property": "StartHealth",
          "Value": 14.0
        },
        {
          "Piece": "HealingBeacon",
          "Property": "StartHealth",
          "Value": 10.0
        },
        {
          "Piece": "MonsterBait",
          "Property": "StartHealth",
          "Value": 18.0
        },
        {
          "Piece": "SmiteWard",
          "Property": "StartHealth",
          "Value": 14.0
        },
        {
          "Piece": "SwordOfAvalon",
          "Property": "StartHealth",
          "Value": 14.0
        },
        {
          "Piece": "Verochka",
          "Property": "AttackDamage",
          "Value": 4.0
        },
        {
          "Piece": "WarlockMinion",
          "Property": "AttackDamage",
          "Value": 2.0
        },
        {
          "Piece": "SmiteWard",
          "Property": "AttackDamage",
          "Value": 5.0
        },
        {
          "Piece": "SwordOfAvalon",
          "Property": "AttackDamage",
          "Value": 3.0
        }
      ]
    },
    {
      "Rule": "CardAdditionOverridden",
      "Config": {
        "HeroGuardian": [
          "Bone",
          "WebBomb",
          "Regroup",
          "Rejuvenation",
          "FreeAP",
          "ScarePowder",
          "MiniBarricade",
          "SodiumHydroxide",
          "Teleport",
          "Strength",
          "Speed",
          "Heal",
          "VigorPotion",
          "ScrollElectricity",
          "ScrollTsunami",
          "LuckPotion",
          "VialOfIceImmunity",
          "VialOfFireImmunity",
          "ExtraActionPotion",
          "DamageResistPotion",
          "WaterBottle",
          "BeaconOfHealing",
          "Invulnerability",
          "Whirlwind",
          "WarCry",
          "BeaconOfSmite",
          "PiercingSpear",
          "Charge",
          "BeaconOfHealing",
          "Whirlwind",
          "WarCry",
          "BeaconOfSmite",
          "PiercingSpear",
          "Charge",
          "BeaconOfHealing",
          "Whirlwind",
          "WarCry",
          "BeaconOfSmite",
          "PiercingSpear",
          "Charge"
        ],
        "HeroBarbarian": [
          "Bone",
          "WebBomb",
          "Regroup",
          "Rejuvenation",
          "FreeAP",
          "ScarePowder",
          "MiniBarricade",
          "SodiumHydroxide",
          "GodsFury",
          "Teleport",
          "Speed",
          "Heal",
          "VigorPotion",
          "ScrollElectricity",
          "ScrollTsunami",
          "LuckPotion",
          "VialOfIceImmunity",
          "VialOfFireImmunity",
          "ExtraActionPotion",
          "DamageResistPotion",
          "WaterBottle",
          "PlayerLeap",
          "TauntingScream",
          "GrapplingPush",
          "GrapplingSmash",
          "TauntingScream",
          "MarkOfVerga",
          "GrapplingTotem",
          "PlayerLeap",
          "GrapplingPush",
          "GrapplingSmash",
          "MarkOfVerga",
          "GrapplingTotem",
          "PlayerLeap",
          "GrapplingPush",
          "GrapplingSmash",
          "TauntingScream",
          "MarkOfVerga",
          "GrapplingTotem",
          "PlayerLeap",
          "GrapplingPush",
          "GrapplingSmash"
        ],
        "HeroBard": [
          "Bone",
          "WebBomb",
          "Regroup",
          "Rejuvenation",
          "FreeAP",
          "MiniBarricade",
          "SodiumHydroxide",
          "GodsFury",
          "Teleport",
          "Speed",
          "Heal",
          "VigorPotion",
          "ScrollElectricity",
          "ScrollTsunami",
          "LuckPotion",
          "VialOfIceImmunity",
          "VialOfFireImmunity",
          "ExtraActionPotion",
          "DamageResistPotion",
          "WaterBottle",
          "SongOfRecovery",
          "SongOfResilience",
          "BlockAbilities",
          "NotesOfConfusion",
          "ShatteringVoice",
          "Tornado",
          "SongOfRecovery",
          "SongOfResilience",
          "BlockAbilities",
          "NotesOfConfusion",
          "ShatteringVoice",
          "Tornado",
          "SongOfRecovery",
          "SongOfResilience",
          "BlockAbilities",
          "NotesOfConfusion",
          "ShatteringVoice",
          "Tornado"
        ],
        "HeroHunter": [
          "Bone",
          "WebBomb",
          "SwordOfAvalon",
          "ScarePowder",
          "MiniBarricade",
          "SodiumHydroxide",
          "Teleport",
          "Speed",
          "Strength",
          "Invulnerability",
          "Heal",
          "VigorPotion",
          "ScrollElectricity",
          "ScrollTsunami",
          "LuckPotion",
          "VialOfIceImmunity",
          "VialOfFireImmunity",
          "ExtraActionPotion",
          "DamageResistPotion",
          "WaterBottle",
          "Confuse",
          "NaturesCall",
          "Exterminate",
          "CallCompanion",
          "PoisonedTip",
          "MarkOfAvalon",
          "MonsterBait",
          "Confuse",
          "NaturesCall",
          "Exterminate",
          "CallCompanion",
          "PoisonedTip",
          "MarkOfAvalon",
          "MonsterBait",
          "Confuse",
          "NaturesCall",
          "Exterminate",
          "CallCompanion",
          "PoisonedTip",
          "MarkOfAvalon",
          "MonsterBait"
        ],
        "HeroRogue": [
          "Bone",
          "WebBomb",
          "Regroup",
          "ExtraActionPotion",
          "ScarePowder",
          "MiniBarricade",
          "SodiumHydroxide",
          "GodsFury",
          "Teleport",
          "Strength",
          "Heal",
          "VigorPotion",
          "ScrollElectricity",
          "ScrollTsunami",
          "LuckPotion",
          "VialOfIceImmunity",
          "VialOfFireImmunity",
          "ExtraActionPotion",
          "DamageResistPotion",
          "WaterBottle",
          "Blink",
          "PoisonGasGrenade",
          "CoinFlip",
          "CursedDagger",
          "ProximityMine",
          "Flashbang",
          "Blink",
          "PoisonGasGrenade",
          "CoinFlip",
          "CursedDagger",
          "ProximityMine",
          "Flashbang",
          "Blink",
          "PoisonGasGrenade",
          "CoinFlip",
          "CursedDagger",
          "ProximityMine",
          "Flashbang"
        ],
        "HeroSorcerer": [
          "Bone",
          "Regroup",
          "ScarePowder",
          "MiniBarricade",
          "SodiumHydroxide",
          "Teleport",
          "Speed",
          "GodsFury",
          "Heal",
          "VigorPotion",
          "ScrollElectricity",
          "ScrollTsunami",
          "MagicPotion",
          "LuckPotion",
          "VialOfIceImmunity",
          "VialOfFireImmunity",
          "ExtraActionPotion",
          "DamageResistPotion",
          "WaterBottle",
          "Banish",
          "Fireball",
          "Freeze",
          "MagicShield",
          "MagicWall",
          "Implosion",
          "Banish",
          "Fireball",
          "Freeze",
          "MagicShield",
          "MagicWall",
          "Implosion",
          "Banish",
          "Fireball",
          "Freeze",
          "MagicShield",
          "MagicWall",
          "Implosion"
        ],
        "HeroWarlock": [
          "Bone",
          "Regroup",
          "ScarePowder",
          "MiniBarricade",
          "SodiumHydroxide",
          "Teleport",
          "Speed",
          "Invulnerability",
          "Heal",
          "VigorPotion",
          "ScrollElectricity",
          "ScrollTsunami",
          "MagicPotion",
          "LuckPotion",
          "VialOfIceImmunity",
          "VialOfFireImmunity",
          "ExtraActionPotion",
          "DamageResistPotion",
          "WaterBottle",
          "Deflect",
          "GuidingLight",
          "Implode",
          "MissileSwarm",
          "Portal",
          "Deflect",
          "GuidingLight",
          "Implode",
          "MissileSwarm",
          "Portal",
          "Deflect",
          "GuidingLight",
          "Implode",
          "MissileSwarm",
          "Portal"
        ]
      }
    },
    {
      "Rule": "StatusEffectConfig",
      "Config": [
        {
          "effectStateType": "TorchPlayer",
          "durationTurns": 25,
          "tickWhen": "EndTurn",
          "damagePerTurn": 0,
          "clearOnNewLevel": false,
          "damageTags": null,
          "healPerTurn": 0,
          "healthBoost": 0,
          "killOnExpire": false,
          "counterAttackDirections": 0,
          "counterAttackDamage": 0,
          "applyAfterDissipate": "Diseased",
          "useOnDissipate": 0
        },
        {
          "effectStateType": "HealingSong",
          "durationTurns": 4,
          "tickWhen": "EndTurn",
          "damagePerTurn": 0,
          "clearOnNewLevel": false,
          "damageTags": null,
          "healPerTurn": 3,
          "healthBoost": 0,
          "killOnExpire": false,
          "counterAttackDirections": 0,
          "counterAttackDamage": 0,
          "applyAfterDissipate": "Diseased",
          "useOnDissipate": 0
        },
        {
          "effectStateType": "Recovery",
          "durationTurns": 4,
          "tickWhen": "EndTurn",
          "damagePerTurn": 0,
          "clearOnNewLevel": false,
          "damageTags": null,
          "healPerTurn": 3,
          "healthBoost": 0,
          "killOnExpire": false,
          "counterAttackDirections": 0,
          "counterAttackDamage": 0,
          "applyAfterDissipate": "Diseased",
          "useOnDissipate": 0
        },
        {
          "effectStateType": "Courageous",
          "durationTurns": 3,
          "tickWhen": "EndTurn",
          "damagePerTurn": 0,
          "clearOnNewLevel": false,
          "damageTags": null,
          "healPerTurn": 0,
          "healthBoost": 0,
          "killOnExpire": false,
          "counterAttackDirections": 0,
          "counterAttackDamage": 0,
          "applyAfterDissipate": "Diseased",
          "useOnDissipate": 0
        },
        {
          "effectStateType": "Heroic",
          "durationTurns": 4,
          "tickWhen": "EndTurn",
          "damagePerTurn": 0,
          "clearOnNewLevel": false,
          "damageTags": null,
          "healPerTurn": 0,
          "healthBoost": 0,
          "killOnExpire": false,
          "counterAttackDirections": 0,
          "counterAttackDamage": 0,
          "applyAfterDissipate": "Diseased",
          "useOnDissipate": 0
        },
        {
          "effectStateType": "Fearless",
          "durationTurns": 5,
          "tickWhen": "EndTurn",
          "damagePerTurn": 0,
          "clearOnNewLevel": false,
          "damageTags": null,
          "healPerTurn": 0,
          "healthBoost": 0,
          "killOnExpire": false,
          "counterAttackDirections": 0,
          "counterAttackDamage": 0,
          "applyAfterDissipate": "Diseased",
          "useOnDissipate": 0
        }
      ]
    },
    {
      "Rule": "PieceAbilityListOverridden",
      "Config": {
        "EarthElemental": [
          "EnemyMelee",
          "EnemyKnockbackMelee",
          "EarthShatter",
          "EnemyJavelin"
        ],
        "Mimic": [
          "EnemyMelee",
          "AcidSpit"
        ],
        "RootMage": [
          "EnemyMelee",
          "TeleportEnemy"
        ],
        "ChestGoblin": [
          "EnemyMelee",
          "EnemyStealGold"
        ],
        "KillerBee": [
          "EnemyMelee",
          "ThornPowder"
        ]
      }
    },
    {
      "Rule": "PieceBehavioursListOverridden",
      "Config": {
        "EarthElemental": [
          "Patrol",
          "AttackPlayer",
          "EarthShatter",
          "RangedAttackHighPrio"
        ],
        "Mimic": [
          "Patrol",
          "AttackPlayer",
          "RangedAttackHighPrio"
        ],
        "RootMage": [
          "Patrol",
          "AttackPlayer",
          "CastOnTeam"
        ],
        "KillerBee": [
          "Patrol",
          "AttackPlayer",
          "RangedAttackHighPrio"
        ],
        "ChestGoblin": [
          "Patrol",
          "FollowPlayerMeleeAttacker",
          "AttackAndRetreat"
        ]
      }
    },
    {
      "Rule": "PieceImmunityListAdjusted",
      "Config": {
        "HeroBarbarian": [
          "Netted"
        ],
        "HeroSorcerer": [
          "Frozen"
        ],
        "HeroHunter": [
          "Petrified"
        ],
        "HeroGuardian": [
          "Weaken1Turn",
          "Weaken2Turns"
        ],
        "HeroBard": [
          "Diseased"
        ],
        "HeroRogue": [
          "Tangled"
        ],
        "HeroWarlock": [
          "CorruptedRage"
        ],
        "WarlockMinion": [
          "CorruptedRage"
        ]
      }
    },
    {
      "Rule": "PieceUseWhenKilledOverridden",
      "Config": {
        "ChestGoblin": [
          "EnemyDropStolenGoods",
          "DropChest"
        ],
        "EarthElemental": [
          "Explosion",
          "DeathDropJavelin"
        ]
      }
    },
    {
      "Rule": "AbilityActionCostAdjusted",
      "Config": {
        "Zap": false,
        "Overcharge": false,
        "LightningBolt": false,
        "Grab": false,
        "Stealth": false,
        "StrengthenCourage": false,
        "MinionCharge": false,
        "Grapple": false
      }
    },
    {
      "Rule": "AbilityHealOverridden",
      "Config": {
        "Heal": 10,
        "Rejuvenation": 10,
        "AltarHeal": 15,
        "TurretHealProjectile": 4
      }
    },
    {
      "Rule": "AbilityAoeAdjusted",
      "Config": {
        "SongOfRecovery": 2,
        "SongOfResilience": 2,
        "Flashbang": 1,
        "WebBomb": 1,
        "PoisonGasGrenade": 1,
        "WarCry": 1,
        "Whirlwind": 1
      }
    },
    {
      "Rule": "AbilityDamageOverridden",
      "Config": {
        "Zap": [
          3,
          8,
          3,
          8
        ],
        "Fireball": [
          12,
          30,
          7,
          15
        ],
        "Freeze": [
          7,
          20,
          7,
          20
        ],
        "Implosion": [
          3,
          12,
          2,
          5
        ],
        "Whirlwind": [
          4,
          9,
          4,
          9
        ],
        "Charge": [
          4,
          12,
          4,
          12
        ],
        "PiercingSpear": [
          5,
          11,
          5,
          11
        ],
        "Blink": [
          7,
          19,
          7,
          19
        ],
        "CursedDagger": [
          4,
          13,
          4,
          13
        ],
        "PoisonedTip": [
          6,
          16,
          6,
          16
        ],
        "Exterminate": [
          6,
          16,
          6,
          16
        ],
        "HunterArrow": [
          4,
          12,
          4,
          12
        ],
        "NotesOfConfusion": [
          4,
          9,
          4,
          8
        ],
        "ShatteringVoice": [
          7,
          15,
          7,
          14
        ],
        "Grapple": [
          4,
          11,
          4,
          11
        ],
        "GrapplingSmash": [
          4,
          9,
          4,
          9
        ]
      }
    },
    {
      "Rule": "BackstabConfigOverridden",
      "Config": [
        "HeroBard",
        "HeroRogue"
      ]
    },
    {
      "Rule": "PetsFocusHunterMark",
      "Config": true
    },
    {
      "Rule": "EnemyRespawnDisabled",
      "Config": true
    },
    {
      "Rule": "CardEnergyFromAttackMultiplied",
      "Config": 0.5
    },
    {
      "Rule": "CardEnergyFromRecyclingMultiplied",
      "Config": 0.5
    },
    {
      "Rule": "EnemyAttackScaled",
      "Config": 1.2
    },
    {
      "Rule": "EnemyHealthScaled",
      "Config": 1.334
    },
    {
      "Rule": "LevelSequenceOverridden",
      "Config": [
        "SewersFloor01",
        "ForestShopFloor",
        "ForestFloor02",
        "ShopFloor02",
        "ElvenFloor14"
      ]
    },
    {
      "Rule": "LevelPropertiesModified",
      "Config": {
        "BigGoldPileChance": 30,
        "FloorOneHealingFountains": 1,
        "FloorOnePotionStand": 0,
        "FloorOneMerchant": 0,
        "FloorOneLootChests": 2,
        "FloorOneGoldMaxAmount": 550,
        "FloorTwoHealingFountains": 1,
        "FloorTwoPotionStand": 1,
        "FloorTwoMerchant": 0,
        "FloorTwoLootChests": 3,
        "FloorTwoGoldMaxAmount": 750,
        "FloorThreeHealingFountains": 1,
        "FloorThreePotionStand": 0,
        "FloorThreeMerchant": 0,
        "FloorThreeLootChests": 1
      }
    }
  ]
}