{
  "Name": "(Custom) Hunter's Paradise",
  "Description": "Pets, pets, pets! And hunter's mark.",
  "Longdesc": "",
  "Rules": [
    {
      "Rule": "StartCardsModified",
      "Config": {
        "HeroBarbarian": [
          {
            "Card": "CallCompanion",
            "ReplenishFrequency": 0
          },
          {
            "Card": "SummonElemental",
            "ReplenishFrequency": 1
          },
          {
            "Card": "MarkOfAvalon",
            "ReplenishFrequency": 1
          }
        ],
        "HeroBard": [
          {
            "Card": "CallCompanion",
            "ReplenishFrequency": 0
          },
          {
            "Card": "SummonElemental",
            "ReplenishFrequency": 1
          },
          {
            "Card": "MarkOfAvalon",
            "ReplenishFrequency": 1
          }
        ],
        "HeroGuardian": [
          {
            "Card": "CallCompanion",
            "ReplenishFrequency": 0
          },
          {
            "Card": "SummonElemental",
            "ReplenishFrequency": 1
          },
          {
            "Card": "MarkOfAvalon",
            "ReplenishFrequency": 1
          }
        ],
        "HeroHunter": [
          {
            "Card": "CallCompanion",
            "ReplenishFrequency": 0
          },
          {
            "Card": "SummonElemental",
            "ReplenishFrequency": 1
          },
          {
            "Card": "MarkOfAvalon",
            "ReplenishFrequency": 1
          }
        ],
        "HeroRogue": [
          {
            "Card": "CallCompanion",
            "ReplenishFrequency": 0
          },
          {
            "Card": "SummonElemental",
            "ReplenishFrequency": 1
          },
          {
            "Card": "MarkOfAvalon",
            "ReplenishFrequency": 1
          }
        ],
        "HeroSorcerer": [
          {
            "Card": "CallCompanion",
            "ReplenishFrequency": 0
          },
          {
            "Card": "SummonElemental",
            "ReplenishFrequency": 1
          },
          {
            "Card": "MarkOfAvalon",
            "ReplenishFrequency": 1
          }
        ],
        "HeroWarlock": [
          {
            "Card": "CallCompanion",
            "ReplenishFrequency": 0
          },
          {
            "Card": "SummonElemental",
            "ReplenishFrequency": 1
          },
          {
            "Card": "MarkOfAvalon",
            "ReplenishFrequency": 1
          }
        ]
      }
    },
    {
      "Rule": "StatusEffectConfig",
      "Config": [
        {
          "effectStateType": "MarkOfAvalon",
          "durationTurns": 2,
          "tickWhen": "EndTurn",
          "damagePerTurn": 0,
          "clearOnNewLevel": true,
          "damageTags": null,
          "healPerTurn": 0,
          "healthBoost": 0,
          "killOnExpire": false,
          "counterAttackDirections": 0,
          "counterAttackDamage": 0,
          "applyAfterDissipate": "Diseased",
          "useOnDissipate": 0
        }
      ]
    },
    {
      "Rule": "PieceConfigAdjusted",
      "Config": [
        {
          "Piece": "HeroGuardian",
          "Property": "StartArmor",
          "Value": 0.0
        }
      ]
    },
    {
      "Rule": "PetsFocusHunterMark",
      "Config": true
    },
    {
      "Rule": "CardAdditionOverridden",
      "Config": {
        "HeroBarbarian": [
          "CallCompanion",
          "SummonElemental",
          "NaturesCall",
          "NotesOfConfusion",
          "Bone",
          "Strength",
          "Speed"
        ],
        "HeroBard": [
          "CallCompanion",
          "SummonElemental",
          "NaturesCall",
          "NotesOfConfusion",
          "Bone",
          "Strength",
          "Speed"
        ],
        "HeroGuardian": [
          "CallCompanion",
          "SummonElemental",
          "NaturesCall",
          "NotesOfConfusion",
          "Bone",
          "Strength",
          "Speed"
        ],
        "HeroHunter": [
          "CallCompanion",
          "SummonElemental",
          "NaturesCall",
          "NotesOfConfusion",
          "Bone",
          "Strength",
          "Speed"
        ],
        "HeroRogue": [
          "CallCompanion",
          "SummonElemental",
          "NaturesCall",
          "NotesOfConfusion",
          "Bone",
          "Strength",
          "Speed"
        ],
        "HeroSorcerer": [
          "CallCompanion",
          "SummonElemental",
          "NaturesCall",
          "NotesOfConfusion",
          "Bone",
          "Strength",
          "Speed"
        ],
        "HeroWarlock": [
          "CallCompanion",
          "SummonElemental",
          "NaturesCall",
          "NotesOfConfusion",
          "Bone",
          "Strength",
          "Speed"
        ]
      }
    },
    {
      "Rule": "LevelPropertiesModified",
      "Config": {
        "FloorOneHealingFountains": 6,
        "FloorOneLootChests": 5,
        "FloorOnePotionStand": 1,
        "FloorTwoHealingFountains": 6,
        "FloorTwoLootChests": 10,
        "FloorTwoPotionStand": 2,
        "FloorThreeHealingFountains": 6,
        "FloorThreeLootChests": 11,
        "FloorThreePotionStand": 1
      }
    }
  ]
}