{
  "Name": "(Custom) LuckyDip",
  "Description": "Life is like a box of chocolates + AOE changes, so stay close to your allies",
  "Longdesc": "",
  "Rules": [
    {
      "Rule": "AbilityDamageOverridden",
      "Config": {
        "Zap": [
          2,
          5
        ]
      }
    },
    {
      "Rule": "StartCardsModified",
      "Config": {
        "HeroBarbarian": [
          {
            "Card": "Heal",
            "ReplenishFrequency": 0
          },
          {
            "Card": "ExplodingLampPlaceholder",
            "ReplenishFrequency": 1
          },
          {
            "Card": "ScarePowder",
            "ReplenishFrequency": 1
          },
          {
            "Card": "DropChest",
            "ReplenishFrequency": 0
          },
          {
            "Card": "DropChest",
            "ReplenishFrequency": 0
          }
        ],
        "HeroBard": [
          {
            "Card": "Heal",
            "ReplenishFrequency": 0
          },
          {
            "Card": "StrengthenCourage",
            "ReplenishFrequency": 1
          },
          {
            "Card": "WebBomb",
            "ReplenishFrequency": 1
          },
          {
            "Card": "DropChest",
            "ReplenishFrequency": 0
          },
          {
            "Card": "DropChest",
            "ReplenishFrequency": 0
          },
          {
            "Card": "SongOfRecovery",
            "ReplenishFrequency": 0
          }
        ],
        "HeroGuardian": [
          {
            "Card": "Heal",
            "ReplenishFrequency": 0
          },
          {
            "Card": "ReplenishArmor",
            "ReplenishFrequency": 1
          },
          {
            "Card": "Bone",
            "ReplenishFrequency": 1
          },
          {
            "Card": "DropChest",
            "ReplenishFrequency": 0
          },
          {
            "Card": "DropChest",
            "ReplenishFrequency": 0
          }
        ],
        "HeroHunter": [
          {
            "Card": "Heal",
            "ReplenishFrequency": 0
          },
          {
            "Card": "HunterArrow",
            "ReplenishFrequency": 1
          },
          {
            "Card": "PoisonedTip",
            "ReplenishFrequency": 1
          },
          {
            "Card": "Stealth",
            "ReplenishFrequency": 0
          },
          {
            "Card": "DropChest",
            "ReplenishFrequency": 0
          },
          {
            "Card": "DropChest",
            "ReplenishFrequency": 0
          }
        ],
        "HeroRogue": [
          {
            "Card": "Heal",
            "ReplenishFrequency": 0
          },
          {
            "Card": "Stealth",
            "ReplenishFrequency": 1
          },
          {
            "Card": "ScarePowder",
            "ReplenishFrequency": 1
          },
          {
            "Card": "DropChest",
            "ReplenishFrequency": 0
          },
          {
            "Card": "DropChest",
            "ReplenishFrequency": 0
          }
        ],
        "HeroSorcerer": [
          {
            "Card": "Heal",
            "ReplenishFrequency": 0
          },
          {
            "Card": "Zap",
            "ReplenishFrequency": 1
          },
          {
            "Card": "TorchLight",
            "ReplenishFrequency": 1
          },
          {
            "Card": "DropChest",
            "ReplenishFrequency": 0
          },
          {
            "Card": "DropChest",
            "ReplenishFrequency": 0
          }
        ],
        "HeroWarlock": [
          {
            "Card": "Heal",
            "ReplenishFrequency": 0
          },
          {
            "Card": "MagicMissile",
            "ReplenishFrequency": 1
          },
          {
            "Card": "MissileSwarm",
            "ReplenishFrequency": 1
          },
          {
            "Card": "TorchLight",
            "ReplenishFrequency": 1
          },
          {
            "Card": "DropChest",
            "ReplenishFrequency": 0
          },
          {
            "Card": "DropChest",
            "ReplenishFrequency": 0
          }
        ]
      }
    },
    {
      "Rule": "AbilityAoeAdjusted",
      "Config": {
        "StrengthenCourage": 1,
        "ReplenishArmor": 1,
        "Strength": 1,
        "Speed": 1,
        "Antidote": 1,
        "DamageResistPotion": 1,
        "VigorPotion": 1,
        "ExtraActionPotion": 1,
        "Invulnerability": 1,
        "Heal": 1
      }
    },
    {
      "Rule": "PieceConfigAdjusted",
      "Config": [
        {
          "Piece": "HeroBarbarian",
          "Property": "StartHealth",
          "Value": 15.0
        },
        {
          "Piece": "HeroBard",
          "Property": "StartHealth",
          "Value": 15.0
        },
        {
          "Piece": "HeroGuardian",
          "Property": "StartHealth",
          "Value": 20.0
        },
        {
          "Piece": "HeroHunter",
          "Property": "StartHealth",
          "Value": 15.0
        },
        {
          "Piece": "HeroRogue",
          "Property": "StartHealth",
          "Value": 15.0
        },
        {
          "Piece": "HeroSorcerer",
          "Property": "StartHealth",
          "Value": 15.0
        },
        {
          "Piece": "HeroWarlock",
          "Property": "StartHealth",
          "Value": 15.0
        },
        {
          "Piece": "HeroBarbarian",
          "Property": "MoveRange",
          "Value": 5.0
        },
        {
          "Piece": "HeroBard",
          "Property": "MoveRange",
          "Value": 5.0
        },
        {
          "Piece": "HeroHunter",
          "Property": "MoveRange",
          "Value": 5.0
        },
        {
          "Piece": "HeroWarlock",
          "Property": "MoveRange",
          "Value": 5.0
        },
        {
          "Piece": "MonsterBait",
          "Property": "StartHealth",
          "Value": 30.0
        },
        {
          "Piece": "SmiteWard",
          "Property": "StartHealth",
          "Value": 20.0
        },
        {
          "Piece": "SmiteWard",
          "Property": "ActionPoint",
          "Value": 2.0
        },
        {
          "Piece": "SwordOfAvalon",
          "Property": "StartHealth",
          "Value": 20.0
        },
        {
          "Piece": "Verochka",
          "Property": "StartHealth",
          "Value": 20.0
        },
        {
          "Piece": "Verochka",
          "Property": "ActionPoint",
          "Value": 3.0
        },
        {
          "Piece": "Verochka",
          "Property": "MoveRange",
          "Value": 8.0
        },
        {
          "Piece": "Verochka",
          "Property": "VisionRange",
          "Value": 40.0
        }
      ]
    },
    {
      "Rule": "AbilityActionCostAdjusted",
      "Config": {
        "Zap": false,
        "StrengthenCourage": false,
        "Stealth": false,
        "Grapple": false
      }
    },
    {
      "Rule": "CardEnergyFromAttackMultiplied",
      "Config": 1.25
    },
    {
      "Rule": "CardAdditionOverridden",
      "Config": {
        "HeroHunter": [
          "Strength",
          "Speed",
          "DamageResistPotion",
          "VigorPotion",
          "Bone",
          "Fireball",
          "Freeze",
          "SodiumHydroxide",
          "Teleport",
          "GodsFury",
          "RevealPath"
        ],
        "HeroSorcerer": [
          "CallCompanion",
          "MarkOfAvalon",
          "NaturesCall",
          "RevealPath"
        ]
      }
    },
    {
      "Rule": "PieceImmunityListAdjusted",
      "Config": {
        "HeroBarbarian": [
          "Frozen",
          "Petrified"
        ],
        "HeroBard": [
          "Weaken1Turn",
          "Weaken2Turns",
          "MarkOfAvalon"
        ],
        "HeroGuardian": [
          "Diseased",
          "Stunned",
          "Frozen",
          "Tangled",
          "Petrified"
        ],
        "HeroHunter": [
          "Diseased",
          "Frozen",
          "Petrified"
        ],
        "HeroRogue": [
          "Frozen",
          "Petrified"
        ],
        "HeroSorcerer": [
          "Diseased",
          "Stunned",
          "Frozen",
          "Tangled",
          "Petrified"
        ],
        "HeroWarlock": [
          "Diseased",
          "Stunned",
          "Frozen",
          "Tangled",
          "Petrified"
        ]
      }
    },
    {
      "Rule": "LevelPropertiesModified",
      "Config": {
        "FloorOneHealingFountains": 2,
        "FloorOneLootChests": 9,
        "FloorOnePotionStand": 2,
        "FloorTwoHealingFountains": 4,
        "FloorTwoLootChests": 11,
        "FloorTwoPotionStand": 3,
        "FloorThreeHealingFountains": 4,
        "FloorThreeLootChests": 10,
        "FloorThreePotionStand": 2
      }
    },
    {
      "Rule": "PetsFocusHunterMark",
      "Config": true
    },
    {
      "Rule": "StatusEffectConfig",
      "Config": [
        {
          "effectStateType": "TorchPlayer",
          "durationTurns": 15,
          "tickWhen": "StartTurn",
          "damagePerTurn": 0,
          "clearOnNewLevel": false,
          "damageTags": null,
          "healPerTurn": 0,
          "healthBoost": 0,
          "killOnExpire": false,
          "counterAttackDirections": 0,
          "counterAttackDamage": 0,
          "applyAfterDissipate": "Diseased",
          "useOnDissipate": 0
        },
        {
          "effectStateType": "Stealthed",
          "durationTurns": 5,
          "tickWhen": "StartTurn",
          "damagePerTurn": 0,
          "clearOnNewLevel": false,
          "damageTags": null,
          "healPerTurn": 0,
          "healthBoost": 0,
          "killOnExpire": false,
          "counterAttackDirections": 0,
          "counterAttackDamage": 0,
          "applyAfterDissipate": "Diseased",
          "useOnDissipate": 0
        },
        {
          "effectStateType": "HealingSong",
          "durationTurns": 5,
          "tickWhen": "EndTurn",
          "damagePerTurn": 0,
          "clearOnNewLevel": false,
          "damageTags": null,
          "healPerTurn": 3,
          "healthBoost": 0,
          "killOnExpire": false,
          "counterAttackDirections": 0,
          "counterAttackDamage": 0,
          "applyAfterDissipate": "Diseased",
          "useOnDissipate": 0
        },
        {
          "effectStateType": "Courageous",
          "durationTurns": 5,
          "tickWhen": "EndTurn",
          "damagePerTurn": 0,
          "clearOnNewLevel": false,
          "damageTags": null,
          "healPerTurn": 0,
          "healthBoost": 0,
          "killOnExpire": false,
          "counterAttackDirections": 0,
          "counterAttackDamage": 0,
          "applyAfterDissipate": "Diseased",
          "useOnDissipate": 0
        },
        {
          "effectStateType": "Heroic",
          "durationTurns": 6,
          "tickWhen": "EndTurn",
          "damagePerTurn": 0,
          "clearOnNewLevel": false,
          "damageTags": null,
          "healPerTurn": 0,
          "healthBoost": 0,
          "killOnExpire": false,
          "counterAttackDirections": 0,
          "counterAttackDamage": 0,
          "applyAfterDissipate": "Diseased",
          "useOnDissipate": 0
        },
        {
          "effectStateType": "Fearless",
          "durationTurns": 8,
          "tickWhen": "EndTurn",
          "damagePerTurn": 0,
          "clearOnNewLevel": false,
          "damageTags": null,
          "healPerTurn": 0,
          "healthBoost": 0,
          "killOnExpire": false,
          "counterAttackDirections": 0,
          "counterAttackDamage": 0,
          "applyAfterDissipate": "Diseased",
          "useOnDissipate": 0
        },
        {
          "effectStateType": "Recovery",
          "durationTurns": 5,
          "tickWhen": "EndTurn",
          "damagePerTurn": 0,
          "clearOnNewLevel": false,
          "damageTags": null,
          "healPerTurn": 3,
          "healthBoost": 0,
          "killOnExpire": false,
          "counterAttackDirections": 0,
          "counterAttackDamage": 0,
          "applyAfterDissipate": "Diseased",
          "useOnDissipate": 0
        }
      ]
    }
  ]
}