{
  "Name": "(Custom) Difficulty: Hard",
  "Description": "Increased game difficulty for a greater challenge.",
  "Longdesc": "Less fountains on floor 2 and less chests and gold per floor!\n\n80% energy gained for attacks and recycled cards!\n\nEnemies at 180% normal health and they hit 50% harder!",
  "Rules": [
    {
      "Rule": "CardEnergyFromAttackMultiplied",
      "Config": 0.8
    },
    {
      "Rule": "CardEnergyFromRecyclingMultiplied",
      "Config": 0.8
    },
    {
      "Rule": "EnemyAttackScaled",
      "Config": 1.5
    },
    {
      "Rule": "EnemyHealthScaled",
      "Config": 1.8
    },
    {
      "Rule": "LevelPropertiesModified",
      "Config": {
        "BigGoldPileChance": 30,
        "FloorOneHealingFountains": 1,
        "FloorOneLootChests": 2,
        "FloorOneGoldMaxAmount": 672,
        "FloorTwoHealingFountains": 1,
        "FloorTwoLootChests": 2,
        "FloorTwoGoldMaxAmount": 420,
        "FloorThreeHealingFountains": 1,
        "FloorThreeLootChests": 1
      }
    }
  ]
}