{
  "Name": "(Custom) Arachnophobia",
  "Description": "Money Spiders everywhere. On my face and in my hair.",
  "Longdesc": "",
  "Rules": [
    {
      "Rule": "AbilityDamageOverridden",
      "Config": {
        "Zap": [
          2,
          4
        ]
      }
    },
    {
      "Rule": "StartCardsModified",
      "Config": {
        "HeroBarbarian": [
          {
            "Card": "Heal",
            "ReplenishFrequency": 0
          },
          {
            "Card": "Grapple",
            "ReplenishFrequency": 1
          },
          {
            "Card": "OilLamp",
            "ReplenishFrequency": 1
          },
          {
            "Card": "GrapplingPush",
            "ReplenishFrequency": 0
          },
          {
            "Card": "GrapplingSmash",
            "ReplenishFrequency": 0
          },
          {
            "Card": "ExplodingLampPlaceholder",
            "ReplenishFrequency": 1
          },
          {
            "Card": "Stealth",
            "ReplenishFrequency": 0
          }
        ],
        "HeroBard": [
          {
            "Card": "Heal",
            "ReplenishFrequency": 0
          },
          {
            "Card": "StrengthenCourage",
            "ReplenishFrequency": 1
          },
          {
            "Card": "IceLamp",
            "ReplenishFrequency": 1
          },
          {
            "Card": "SongOfRecovery",
            "ReplenishFrequency": 0
          },
          {
            "Card": "Stealth",
            "ReplenishFrequency": 0
          },
          {
            "Card": "Tornado",
            "ReplenishFrequency": 0
          },
          {
            "Card": "ShatteringVoice",
            "ReplenishFrequency": 0
          }
        ],
        "HeroGuardian": [
          {
            "Card": "Heal",
            "ReplenishFrequency": 0
          },
          {
            "Card": "ReplenishArmor",
            "ReplenishFrequency": 1
          },
          {
            "Card": "Bone",
            "ReplenishFrequency": 1
          },
          {
            "Card": "Whirlwind",
            "ReplenishFrequency": 0
          },
          {
            "Card": "PiercingSpear",
            "ReplenishFrequency": 0
          },
          {
            "Card": "Stealth",
            "ReplenishFrequency": 0
          }
        ],
        "HeroHunter": [
          {
            "Card": "Heal",
            "ReplenishFrequency": 0
          },
          {
            "Card": "HunterArrow",
            "ReplenishFrequency": 1
          },
          {
            "Card": "PoisonedTip",
            "ReplenishFrequency": 1
          },
          {
            "Card": "Exterminate",
            "ReplenishFrequency": 0
          },
          {
            "Card": "CallCompanion",
            "ReplenishFrequency": 0
          },
          {
            "Card": "Stealth",
            "ReplenishFrequency": 0
          }
        ],
        "HeroRogue": [
          {
            "Card": "Heal",
            "ReplenishFrequency": 0
          },
          {
            "Card": "Stealth",
            "ReplenishFrequency": 1
          },
          {
            "Card": "ScarePowder",
            "ReplenishFrequency": 1
          },
          {
            "Card": "ProximityMine",
            "ReplenishFrequency": 0
          },
          {
            "Card": "PoisonGasGrenade",
            "ReplenishFrequency": 0
          }
        ],
        "HeroSorcerer": [
          {
            "Card": "Heal",
            "ReplenishFrequency": 0
          },
          {
            "Card": "Zap",
            "ReplenishFrequency": 1
          },
          {
            "Card": "OilLamp",
            "ReplenishFrequency": 1
          },
          {
            "Card": "GodsFury",
            "ReplenishFrequency": 0
          },
          {
            "Card": "EyeOfAvalon",
            "ReplenishFrequency": 0
          }
        ],
        "HeroWarlock": [
          {
            "Card": "Heal",
            "ReplenishFrequency": 0
          },
          {
            "Card": "MagicMissile",
            "ReplenishFrequency": 1
          },
          {
            "Card": "MagicMissile",
            "ReplenishFrequency": 1
          },
          {
            "Card": "MinionCharge",
            "ReplenishFrequency": 0
          },
          {
            "Card": "MissileSwarm",
            "ReplenishFrequency": 0
          },
          {
            "Card": "GodsFury",
            "ReplenishFrequency": 0
          },
          {
            "Card": "EyeOfAvalon",
            "ReplenishFrequency": 0
          }
        ]
      }
    },
    {
      "Rule": "AbilityAoeAdjusted",
      "Config": {
        "StrengthenCourage": 1,
        "ReplenishArmor": 1,
        "Strength": 1,
        "Speed": 1,
        "VigorPotion": 1,
        "DamageResistPotion": 1,
        "ExtraActionPotion": 1,
        "FreeAP": 1,
        "Antidote": 1,
        "Invulnerability": 1,
        "Heal": 1
      }
    },
    {
      "Rule": "RegainAbilityIfMaxxedOutOverridden",
      "Config": {
        "Strength": false,
        "Speed": false,
        "DamageResistPotion": false
      }
    },
    {
      "Rule": "PieceConfigAdjusted",
      "Config": [
        {
          "Piece": "HeroBarbarian",
          "Property": "StartHealth",
          "Value": 15.0
        },
        {
          "Piece": "HeroBarbarian",
          "Property": "MoveRange",
          "Value": 5.0
        },
        {
          "Piece": "HeroBard",
          "Property": "StartHealth",
          "Value": 15.0
        },
        {
          "Piece": "HeroGuardian",
          "Property": "StartHealth",
          "Value": 20.0
        },
        {
          "Piece": "HeroHunter",
          "Property": "StartHealth",
          "Value": 15.0
        },
        {
          "Piece": "HeroRogue",
          "Property": "StartHealth",
          "Value": 15.0
        },
        {
          "Piece": "HeroSorcerer",
          "Property": "StartHealth",
          "Value": 15.0
        },
        {
          "Piece": "HeroWarlock",
          "Property": "StartHealth",
          "Value": 15.0
        },
        {
          "Piece": "HeroBard",
          "Property": "MoveRange",
          "Value": 5.0
        },
        {
          "Piece": "HeroHunter",
          "Property": "MoveRange",
          "Value": 5.0
        },
        {
          "Piece": "MonsterBait",
          "Property": "StartHealth",
          "Value": 30.0
        },
        {
          "Piece": "SmiteWard",
          "Property": "StartHealth",
          "Value": 20.0
        },
        {
          "Piece": "SmiteWard",
          "Property": "ActionPoint",
          "Value": 2.0
        },
        {
          "Piece": "SwordOfAvalon",
          "Property": "StartHealth",
          "Value": 20.0
        },
        {
          "Piece": "Verochka",
          "Property": "ActionPoint",
          "Value": 3.0
        },
        {
          "Piece": "Verochka",
          "Property": "MoveRange",
          "Value": 6.0
        },
        {
          "Piece": "Verochka",
          "Property": "VisionRange",
          "Value": 40.0
        },
        {
          "Piece": "Spider",
          "Property": "StartHealth",
          "Value": 1.0
        },
        {
          "Piece": "Spider",
          "Property": "ActionPoint",
          "Value": 3.0
        },
        {
          "Piece": "Spider",
          "Property": "MoveRange",
          "Value": 2.0
        },
        {
          "Piece": "RatKing",
          "Property": "StartHealth",
          "Value": 50.0
        },
        {
          "Piece": "ElvenQueen",
          "Property": "StartHealth",
          "Value": 60.0
        },
        {
          "Piece": "Gorgon",
          "Property": "StartHealth",
          "Value": 85.0
        }
      ]
    },
    {
      "Rule": "AbilityActionCostAdjusted",
      "Config": {
        "Zap": false,
        "MagicMissile": false,
        "StrengthenCourage": false,
        "Stealth": false,
        "Grapple": false
      }
    },
    {
      "Rule": "LevelPropertiesModified",
      "Config": {
        "FloorOneGoldMaxAmount": 1200,
        "FloorOneHealingFountains": 2,
        "FloorOneLootChests": 18,
        "FloorOnePotionStand": 2,
        "FloorTwoHealingFountains": 3,
        "FloorTwoLootChests": 8,
        "FloorTwoPotionStand": 1,
        "FloorTwoGoldMaxAmount": 1500,
        "FloorThreeHealingFountains": 1,
        "FloorThreeLootChests": 0
      }
    },
    {
      "Rule": "PieceImmunityListAdjusted",
      "Config": {
        "HeroBarbarian": [
          "Diseased"
        ],
        "HeroBard": [
          "Diseased"
        ],
        "HeroGuardian": [
          "Diseased"
        ],
        "HeroHunter": [
          "Diseased"
        ],
        "HeroRogue": [
          "Diseased"
        ],
        "HeroSorcerer": [
          "Diseased"
        ],
        "HeroWarlock": [
          "Diseased"
        ],
        "Verochka": [
          "Diseased"
        ],
        "RatKing": [
          "Petrified",
          "Stunned",
          "Panic",
          "Frozen",
          "Disoriented",
          "Confused"
        ],
        "ElvenQueen": [
          "Petrified",
          "Stunned",
          "Disoriented",
          "Confused"
        ],
        "Gorgon": [
          "Petrified",
          "Stunned",
          "Frozen",
          "MarkOfAvalon",
          "Panic",
          "Disoriented",
          "Confused"
        ]
      }
    },
    {
      "Rule": "MonsterDeckOverridden",
      "Config": {
        "EntranceDeckFloor1": {
          "Spider": 0,
          "SpiderEgg": 5,
          "GiantSpider": 1,
          "GiantSlime": 1
        },
        "ExitDeckFloor1": {
          "Spider": 0,
          "SpiderEgg": 2,
          "GiantSpider": 3,
          "ElvenQueen": 1
        },
        "EntranceDeckFloor2": {
          "Spider": 0,
          "SpiderEgg": 2,
          "GiantSpider": 3,
          "DruidArcher": 4
        },
        "ExitDeckFloor2": {
          "Spider": 0,
          "SpiderEgg": 3,
          "GiantSpider": 2,
          "RatKing": 1
        },
        "BossDeck": {
          "Spider": 0,
          "GiantSpider": 4,
          "TheUnseen": 0,
          "TheUnheard": 0,
          "TheUnspoken": 0,
          "DruidArcher": 3,
          "ElvenPriest": 3,
          "ElvenMystic": 3,
          "Sigataur": 2
        },
        "KeyHolderFloor1": "Cavetroll",
        "KeyHolderFloor2": "Sigataur",
        "Boss": "Gorgon"
      }
    },
    {
      "Rule": "PieceAbilityListOverridden",
      "Config": {
        "Spider": [
          "SpiderWebshot",
          "AcidSpit",
          "EnemyStealCard",
          "EnemyStealGold"
        ],
        "ElvenQueen": [
          "EnemyKnockbackMelee",
          "EnemyFireball",
          "EarthShatter"
        ],
        "RatKing": [
          "DigRatsNest",
          "DiseasedBite",
          "VerminFrenzy"
        ]
      }
    },
    {
      "Rule": "PieceBehavioursListOverridden",
      "Config": {
        "Spider": [
          "AttackAndRetreat",
          "Patrol",
          "FleeToFOW",
          "ChargeMove"
        ]
      }
    },
    {
      "Rule": "CardClassRestrictionOverridden",
      "Config": {
        "NaturesCall": "SporeFungus"
      }
    },
    {
      "Rule": "EnemyRespawnDisabled",
      "Config": true
    },
    {
      "Rule": "PieceUseWhenKilledOverridden",
      "Config": {
        "Spider": [
          "EnemyDropStolenGoods"
        ]
      }
    },
    {
      "Rule": "StatusEffectConfig",
      "Config": [
        {
          "effectStateType": "HealingSong",
          "durationTurns": 5,
          "tickWhen": "EndTurn",
          "damagePerTurn": 0,
          "clearOnNewLevel": false,
          "damageTags": null,
          "healPerTurn": 3,
          "healthBoost": 0,
          "killOnExpire": false,
          "counterAttackDirections": 0,
          "counterAttackDamage": 0,
          "applyAfterDissipate": "Diseased",
          "useOnDissipate": 0
        },
        {
          "effectStateType": "Courageous",
          "durationTurns": 2,
          "tickWhen": "EndTurn",
          "damagePerTurn": 0,
          "clearOnNewLevel": false,
          "damageTags": null,
          "healPerTurn": 0,
          "healthBoost": 0,
          "killOnExpire": false,
          "counterAttackDirections": 0,
          "counterAttackDamage": 0,
          "applyAfterDissipate": "Diseased",
          "useOnDissipate": 0
        },
        {
          "effectStateType": "Heroic",
          "durationTurns": 4,
          "tickWhen": "EndTurn",
          "damagePerTurn": 0,
          "clearOnNewLevel": false,
          "damageTags": null,
          "healPerTurn": 0,
          "healthBoost": 0,
          "killOnExpire": false,
          "counterAttackDirections": 0,
          "counterAttackDamage": 0,
          "applyAfterDissipate": "Diseased",
          "useOnDissipate": 0
        },
        {
          "effectStateType": "Fearless",
          "durationTurns": 6,
          "tickWhen": "EndTurn",
          "damagePerTurn": 0,
          "clearOnNewLevel": false,
          "damageTags": null,
          "healPerTurn": 0,
          "healthBoost": 0,
          "killOnExpire": false,
          "counterAttackDirections": 0,
          "counterAttackDamage": 0,
          "applyAfterDissipate": "Diseased",
          "useOnDissipate": 0
        },
        {
          "effectStateType": "Invulnerable1",
          "durationTurns": 2,
          "tickWhen": "EndTurn",
          "damagePerTurn": 0,
          "clearOnNewLevel": false,
          "damageTags": null,
          "healPerTurn": 0,
          "healthBoost": 0,
          "killOnExpire": false,
          "counterAttackDirections": 0,
          "counterAttackDamage": 0,
          "applyAfterDissipate": "Diseased",
          "useOnDissipate": 0
        },
        {
          "effectStateType": "Recovery",
          "durationTurns": 5,
          "tickWhen": "EndTurn",
          "damagePerTurn": 0,
          "clearOnNewLevel": false,
          "damageTags": null,
          "healPerTurn": 3,
          "healthBoost": 0,
          "killOnExpire": false,
          "counterAttackDirections": 0,
          "counterAttackDamage": 0,
          "applyAfterDissipate": "Diseased",
          "useOnDissipate": 0
        }
      ]
    }
  ]
}