{
  "Name": "(Custom) Potion Commotion",
  "Description": "All your cards are potions. 1.5x CardEnergy. Free Sneak on Crit. Enemies do not respawn.",
  "Longdesc": "",
  "Rules": [
    {
      "Rule": "CardAdditionOverridden",
      "Config": {
        "HeroBard": [
          "DamageResistPotion",
          "DamageResistPotion",
          "SodiumHydroxide",
          "SodiumHydroxide",
          "DamageResistPotion",
          "ExtraActionPotion",
          "ExtraActionPotion",
          "VialOfFireImmunity",
          "VialOfFireImmunity",
          "Heal",
          "Heal",
          "VialOfIceImmunity",
          "VialOfIceImmunity",
          "LuckPotion",
          "LuckPotion",
          "MagicPotion",
          "MagicPotion",
          "Antidote",
          "Antidote",
          "Strength",
          "Strength",
          "Speed",
          "Speed",
          "VigorPotion",
          "VigorPotion",
          "WaterBottle",
          "WaterBottle"
        ],
        "HeroGuardian": [
          "DamageResistPotion",
          "DamageResistPotion",
          "SodiumHydroxide",
          "SodiumHydroxide",
          "DamageResistPotion",
          "ExtraActionPotion",
          "ExtraActionPotion",
          "VialOfFireImmunity",
          "VialOfFireImmunity",
          "Heal",
          "Heal",
          "VialOfIceImmunity",
          "VialOfIceImmunity",
          "LuckPotion",
          "LuckPotion",
          "MagicPotion",
          "MagicPotion",
          "Antidote",
          "Antidote",
          "Strength",
          "Strength",
          "Speed",
          "Speed",
          "VigorPotion",
          "VigorPotion",
          "WaterBottle",
          "WaterBottle"
        ],
        "HeroHunter": [
          "DamageResistPotion",
          "DamageResistPotion",
          "SodiumHydroxide",
          "SodiumHydroxide",
          "DamageResistPotion",
          "ExtraActionPotion",
          "ExtraActionPotion",
          "VialOfFireImmunity",
          "VialOfFireImmunity",
          "Heal",
          "Heal",
          "VialOfIceImmunity",
          "VialOfIceImmunity",
          "LuckPotion",
          "LuckPotion",
          "MagicPotion",
          "MagicPotion",
          "Antidote",
          "Antidote",
          "Strength",
          "Strength",
          "Speed",
          "Speed",
          "VigorPotion",
          "VigorPotion",
          "WaterBottle",
          "WaterBottle"
        ],
        "HeroRogue": [
          "DamageResistPotion",
          "DamageResistPotion",
          "SodiumHydroxide",
          "SodiumHydroxide",
          "DamageResistPotion",
          "ExtraActionPotion",
          "ExtraActionPotion",
          "VialOfFireImmunity",
          "VialOfFireImmunity",
          "Heal",
          "Heal",
          "VialOfIceImmunity",
          "VialOfIceImmunity",
          "LuckPotion",
          "LuckPotion",
          "MagicPotion",
          "MagicPotion",
          "Antidote",
          "Antidote",
          "Strength",
          "Strength",
          "Speed",
          "Speed",
          "VigorPotion",
          "VigorPotion",
          "WaterBottle",
          "WaterBottle"
        ],
        "HeroSorcerer": [
          "DamageResistPotion",
          "DamageResistPotion",
          "SodiumHydroxide",
          "SodiumHydroxide",
          "DamageResistPotion",
          "ExtraActionPotion",
          "ExtraActionPotion",
          "VialOfFireImmunity",
          "VialOfFireImmunity",
          "Heal",
          "Heal",
          "VialOfIceImmunity",
          "VialOfIceImmunity",
          "LuckPotion",
          "LuckPotion",
          "MagicPotion",
          "MagicPotion",
          "Antidote",
          "Antidote",
          "Strength",
          "Strength",
          "Speed",
          "Speed",
          "VigorPotion",
          "VigorPotion",
          "WaterBottle",
          "WaterBottle"
        ],
        "HeroWarlock": [
          "DamageResistPotion",
          "DamageResistPotion",
          "SodiumHydroxide",
          "SodiumHydroxide",
          "DamageResistPotion",
          "ExtraActionPotion",
          "ExtraActionPotion",
          "VialOfFireImmunity",
          "VialOfFireImmunity",
          "Heal",
          "Heal",
          "VialOfIceImmunity",
          "VialOfIceImmunity",
          "LuckPotion",
          "LuckPotion",
          "MagicPotion",
          "MagicPotion",
          "Antidote",
          "Antidote",
          "Strength",
          "Strength",
          "Speed",
          "Speed",
          "VigorPotion",
          "VigorPotion",
          "WaterBottle",
          "WaterBottle"
        ]
      }
    },
    {
      "Rule": "AbilityActionCostAdjusted",
      "Config": {
        "Zap": false,
        "Overcharge": false
      }
    },
    {
      "Rule": "EnemyRespawnDisabled",
      "Config": true
    },
    {
      "Rule": "CardEnergyFromAttackMultiplied",
      "Config": 1.5
    }
  ]
}