{
  "Name": "(Custom) The Swirl",
  "Description": "Only poison, fireballs and vortexes. Health and POIs aplenty, but must defeat all enemies to escape.",
  "Longdesc": "",
  "Rules": [
    {
      "Rule": "StartCardsModified",
      "Config": {
        "HeroBarbarian": [
          {
            "Card": "Implosion",
            "ReplenishFrequency": 1
          },
          {
            "Card": "Grapple",
            "ReplenishFrequency": 1
          }
        ],
        "HeroBard": [
          {
            "Card": "Implosion",
            "ReplenishFrequency": 1
          },
          {
            "Card": "StrengthenCourage",
            "ReplenishFrequency": 1
          }
        ],
        "HeroGuardian": [
          {
            "Card": "Implosion",
            "ReplenishFrequency": 1
          },
          {
            "Card": "ReplenishArmor",
            "ReplenishFrequency": 1
          }
        ],
        "HeroHunter": [
          {
            "Card": "Implosion",
            "ReplenishFrequency": 1
          },
          {
            "Card": "HunterArrow",
            "ReplenishFrequency": 1
          }
        ],
        "HeroRogue": [
          {
            "Card": "Implosion",
            "ReplenishFrequency": 1
          },
          {
            "Card": "Stealth",
            "ReplenishFrequency": 1
          }
        ],
        "HeroSorcerer": [
          {
            "Card": "Implosion",
            "ReplenishFrequency": 1
          },
          {
            "Card": "Zap",
            "ReplenishFrequency": 1
          }
        ],
        "HeroWarlock": [
          {
            "Card": "Implosion",
            "ReplenishFrequency": 1
          },
          {
            "Card": "MagicMissile",
            "ReplenishFrequency": 1
          }
        ]
      }
    },
    {
      "Rule": "CardAdditionOverridden",
      "Config": {
        "HeroBarbarian": [
          "PoisonGasGrenade",
          "Fireball",
          "GrapplingPush"
        ],
        "HeroBard": [
          "PoisonGasGrenade",
          "Fireball",
          "Tornado"
        ],
        "HeroGuardian": [
          "PoisonGasGrenade",
          "Fireball",
          "Charge"
        ],
        "HeroHunter": [
          "PoisonGasGrenade",
          "Fireball",
          "PoisonedTip"
        ],
        "HeroRogue": [
          "PoisonGasGrenade",
          "Fireball",
          "Blink"
        ],
        "HeroSorcerer": [
          "PoisonGasGrenade",
          "Fireball",
          "SummonElemental"
        ],
        "HeroWarlock": [
          "PoisonGasGrenade",
          "Fireball",
          "MissileSwarm"
        ]
      }
    },
    {
      "Rule": "PieceConfigAdjusted",
      "Config": [
        {
          "Piece": "HeroBarbarian",
          "Property": "StartHealth",
          "Value": 50.0
        },
        {
          "Piece": "HeroBard",
          "Property": "StartHealth",
          "Value": 50.0
        },
        {
          "Piece": "HeroGuardian",
          "Property": "StartHealth",
          "Value": 50.0
        },
        {
          "Piece": "HeroHunter",
          "Property": "StartHealth",
          "Value": 50.0
        },
        {
          "Piece": "HeroRogue",
          "Property": "StartHealth",
          "Value": 50.0
        },
        {
          "Piece": "HeroSorcerer",
          "Property": "StartHealth",
          "Value": 50.0
        },
        {
          "Piece": "HeroWarlock",
          "Property": "StartHealth",
          "Value": 50.0
        }
      ]
    },
    {
      "Rule": "LevelPropertiesModified",
      "Config": {
        "FloorOneHealingFountains": 2,
        "FloorOneLootChests": 10,
        "FloorOnePotionStand": 1,
        "FloorTwoHealingFountains": 4,
        "FloorTwoLootChests": 12,
        "FloorTwoPotionStand": 2,
        "FloorThreeHealingFountains": 4,
        "FloorThreeLootChests": 10,
        "FloorThreePotionStand": 2
      }
    },
    {
      "Rule": "AbilityAoeAdjusted",
      "Config": {
        "Strength": 1,
        "Speed": 1,
        "VigorPotion": 1,
        "DamageResistPotion": 1,
        "ExtraActionPotion": 1,
        "FreeAP": 1
      }
    },
    {
      "Rule": "EnemyRespawnDisabled",
      "Config": true
    },
    {
      "Rule": "LevelExitLockedUntilAllEnemiesDefeated",
      "Config": true
    }
  ]
}