{
  "Name": "(Custom) Beat The Clock!",
  "Description": "Ultra health. Ultra card recycling. Only 15 rounds to escape...",
  "Longdesc": "",
  "Rules": [
    {
      "Rule": "PieceConfigAdjusted",
      "Config": [
        {
          "Piece": "HeroBarbarian",
          "Property": "StartHealth",
          "Value": 200.0
        },
        {
          "Piece": "HeroBard",
          "Property": "StartHealth",
          "Value": 200.0
        },
        {
          "Piece": "HeroGuardian",
          "Property": "StartHealth",
          "Value": 200.0
        },
        {
          "Piece": "HeroHunter",
          "Property": "StartHealth",
          "Value": 200.0
        },
        {
          "Piece": "HeroRogue",
          "Property": "StartHealth",
          "Value": 200.0
        },
        {
          "Piece": "HeroSorcerer",
          "Property": "StartHealth",
          "Value": 200.0
        },
        {
          "Piece": "HeroWarlock",
          "Property": "StartHealth",
          "Value": 200.0
        },
        {
          "Piece": "WarlockMinion",
          "Property": "StartHealth",
          "Value": 100.0
        }
      ]
    },
    {
      "Rule": "StatusEffectConfig",
      "Config": [
        {
          "effectStateType": "SelfDestruct",
          "durationTurns": 15,
          "tickWhen": "EndTurn",
          "damagePerTurn": 0,
          "clearOnNewLevel": false,
          "damageTags": null,
          "healPerTurn": 0,
          "healthBoost": 0,
          "killOnExpire": false,
          "counterAttackDirections": 0,
          "counterAttackDamage": 0,
          "applyAfterDissipate": "Diseased",
          "useOnDissipate": 0
        }
      ]
    },
    {
      "Rule": "CardEnergyFromRecyclingMultiplied",
      "Config": 3.0
    },
    {
      "Rule": "RoundCountLimited",
      "Config": 15
    },
    {
      "Rule": "LevelPropertiesModified",
      "Config": {
        "FloorOneLootChests": 12,
        "FloorOnePotionStand": 3,
        "FloorTwoLootChests": 12,
        "FloorTwoPotionStand": 3
      }
    }
  ]
}