{
  "Name": "(Custom) 3x3 Potions and Buffs",
  "Description": "Heal, Strength, Speed, Adamant, Vitality, Damage Resist, Focus, One More Thing, Antidote, Repair Armor and Bard buffs are 3x3 AOE.",
  "Longdesc": "",
  "Rules": [
    {
      "Rule": "AbilityAoeAdjusted",
      "Config": {
        "StrengthenCourage": 1,
        "ReplenishArmor": 1,
        "Strength": 1,
        "Speed": 1,
        "VigorPotion": 1,
        "ExtraActionPotion": 1,
        "DamageResistPotion": 1,
        "FreeAP": 1,
        "Antidote": 1,
        "Invulnerability": 1,
        "Heal": 1
      }
    },
    {
      "Rule": "RegainAbilityIfMaxxedOutOverridden",
      "Config": {
        "Strength": false,
        "Speed": false,
        "VigorPotion": false,
        "DamageResistPotion": false,
        "ExtraActionPotion": false,
        "FreeAP": false
      }
    }
  ]
}