{
  "Name": "(Custom) It's A Trap!",
  "Description": "Everything you need to build devious traps for your enemies, but try not to kill your friends.",
  "Longdesc": "",
  "Rules": [
    {
      "Rule": "AbilityActionCostAdjusted",
      "Config": {
        "ProximityMine": false
      }
    },
    {
      "Rule": "CardAdditionOverridden",
      "Config": {
        "HeroBarbarian": [
          "PoisonGasGrenade",
          "Heal",
          "OilLamp",
          "GasLamp",
          "IceLamp",
          "Implosion",
          "TorchLight",
          "Bone",
          "EyeOfAvalon",
          "WebBomb",
          "VortexLamp",
          "Teleport"
        ],
        "HeroBard": [
          "PoisonGasGrenade",
          "MagicWall",
          "OilLamp",
          "GasLamp",
          "IceLamp",
          "BeaconOfSmite",
          "SwordOfAvalon",
          "BeaconOfSmite",
          "VortexLamp",
          "Heal",
          "TorchLight",
          "Stealth",
          "Bone",
          "EyeOfAvalon"
        ],
        "HeroGuardian": [
          "PoisonGasGrenade",
          "MagicWall",
          "Bone",
          "Heal",
          "OilLamp",
          "GasLamp",
          "IceLamp",
          "VortexLamp",
          "RevealPath",
          "TorchLight",
          "Stealth",
          "EyeOfAvalon"
        ],
        "HeroHunter": [
          "PoisonGasGrenade",
          "MagicWall",
          "Heal",
          "PoisonedTip",
          "OilLamp",
          "GasLamp",
          "IceLamp",
          "TorchLight",
          "Stealth",
          "EyeOfAvalon"
        ],
        "HeroRogue": [
          "PoisonGasGrenade",
          "Heal",
          "OilLamp",
          "GasLamp",
          "IceLamp",
          "Implosion",
          "TorchLight",
          "Bone",
          "EyeOfAvalon",
          "WebBomb",
          "VortexLamp",
          "Teleport"
        ],
        "HeroSorcerer": [
          "Heal",
          "OilLamp",
          "GasLamp",
          "IceLamp",
          "Implosion",
          "TorchLight",
          "Stealth",
          "EyeOfAvalon",
          "Banish",
          "MonsterBait",
          "WebBomb",
          "Teleport",
          "Regroup"
        ],
        "HeroWarlock": [
          "Heal",
          "OilLamp",
          "GasLamp",
          "IceLamp",
          "Implosion",
          "TorchLight",
          "MissileSwarm",
          "EyeOfAvalon",
          "Banish",
          "MonsterBait",
          "MinionCharge",
          "Teleport",
          "Regroup",
          "TeleportLamp"
        ]
      }
    },
    {
      "Rule": "AbilityAoeAdjusted",
      "Config": {
        "Strength": 1,
        "Speed": 1,
        "DamageResistPotion": 1,
        "VigorPotion": 1,
        "ExtraActionPotion": 1,
        "Heal": 1
      }
    },
    {
      "Rule": "LampTypesOverridden",
      "Config": {
        "1": [
          "GasLamp",
          "OilLamp",
          "VortexLamp",
          "WaterLamp",
          "OilLamp",
          "VortexLamp",
          "OilLamp",
          "WaterLamp",
          "GasLamp"
        ],
        "2": [
          "GasLamp",
          "GasLamp",
          "GasLamp",
          "GasLamp",
          "WaterLamp",
          "GasLamp",
          "GasLamp",
          "OilLamp",
          "OilLamp",
          "OilLamp"
        ],
        "3": [
          "OilLamp",
          "IceLamp",
          "VortexLamp",
          "OilLamp",
          "WaterLamp",
          "VortexLamp",
          "IceLamp"
        ]
      }
    },
    {
      "Rule": "LevelPropertiesModified",
      "Config": {
        "FloorOneHealingFountains": 1,
        "FloorOneLootChests": 9,
        "FloorOnePotionStand": 2,
        "FloorTwoHealingFountains": 1,
        "FloorTwoLootChests": 11,
        "FloorTwoPotionStand": 3,
        "FloorThreeHealingFountains": 1,
        "FloorThreeLootChests": 8,
        "FloorThreePotionStand": 2,
        "FloorOneEndZoneSpikeMaxBudget": 12,
        "PacingSpikeSegmentFloorOneBudget": 12
      }
    },
    {
      "Rule": "PieceConfigAdjusted",
      "Config": [
        {
          "Piece": "HeroBarbarian",
          "Property": "StartHealth",
          "Value": 30.0
        },
        {
          "Piece": "HeroBard",
          "Property": "StartHealth",
          "Value": 30.0
        },
        {
          "Piece": "HeroGuardian",
          "Property": "StartHealth",
          "Value": 30.0
        },
        {
          "Piece": "HeroHunter",
          "Property": "StartHealth",
          "Value": 30.0
        },
        {
          "Piece": "HeroRogue",
          "Property": "StartHealth",
          "Value": 30.0
        },
        {
          "Piece": "HeroSorcerer",
          "Property": "StartHealth",
          "Value": 30.0
        },
        {
          "Piece": "HeroWarlock",
          "Property": "StartHealth",
          "Value": 30.0
        },
        {
          "Piece": "Torch",
          "Property": "VisionRange",
          "Value": 40.0
        }
      ]
    },
    {
      "Rule": "StartCardsModified",
      "Config": {
        "HeroBarbarian": [
          {
            "Card": "ProximityMine",
            "ReplenishFrequency": 1
          },
          {
            "Card": "Grapple",
            "ReplenishFrequency": 1
          },
          {
            "Card": "ExplodingLampPlaceholder",
            "ReplenishFrequency": 1
          },
          {
            "Card": "OilLamp",
            "ReplenishFrequency": 0
          },
          {
            "Card": "GasLamp",
            "ReplenishFrequency": 0
          },
          {
            "Card": "IceLamp",
            "ReplenishFrequency": 0
          },
          {
            "Card": "Stealth",
            "ReplenishFrequency": 0
          },
          {
            "Card": "EyeOfAvalon",
            "ReplenishFrequency": 0
          }
        ],
        "HeroBard": [
          {
            "Card": "ProximityMine",
            "ReplenishFrequency": 1
          },
          {
            "Card": "StrengthenCourage",
            "ReplenishFrequency": 1
          },
          {
            "Card": "OilLamp",
            "ReplenishFrequency": 0
          },
          {
            "Card": "GasLamp",
            "ReplenishFrequency": 0
          },
          {
            "Card": "IceLamp",
            "ReplenishFrequency": 0
          },
          {
            "Card": "Stealth",
            "ReplenishFrequency": 0
          },
          {
            "Card": "EyeOfAvalon",
            "ReplenishFrequency": 0
          }
        ],
        "HeroGuardian": [
          {
            "Card": "ProximityMine",
            "ReplenishFrequency": 1
          },
          {
            "Card": "ReplenishArmor",
            "ReplenishFrequency": 1
          },
          {
            "Card": "OilLamp",
            "ReplenishFrequency": 0
          },
          {
            "Card": "GasLamp",
            "ReplenishFrequency": 0
          },
          {
            "Card": "IceLamp",
            "ReplenishFrequency": 0
          },
          {
            "Card": "EyeOfAvalon",
            "ReplenishFrequency": 0
          }
        ],
        "HeroHunter": [
          {
            "Card": "ProximityMine",
            "ReplenishFrequency": 1
          },
          {
            "Card": "HunterArrow",
            "ReplenishFrequency": 1
          },
          {
            "Card": "OilLamp",
            "ReplenishFrequency": 0
          },
          {
            "Card": "GasLamp",
            "ReplenishFrequency": 0
          },
          {
            "Card": "IceLamp",
            "ReplenishFrequency": 0
          },
          {
            "Card": "EyeOfAvalon",
            "ReplenishFrequency": 0
          }
        ],
        "HeroRogue": [
          {
            "Card": "ProximityMine",
            "ReplenishFrequency": 1
          },
          {
            "Card": "Stealth",
            "ReplenishFrequency": 1
          },
          {
            "Card": "OilLamp",
            "ReplenishFrequency": 0
          },
          {
            "Card": "GasLamp",
            "ReplenishFrequency": 0
          },
          {
            "Card": "IceLamp",
            "ReplenishFrequency": 0
          },
          {
            "Card": "EyeOfAvalon",
            "ReplenishFrequency": 0
          }
        ],
        "HeroSorcerer": [
          {
            "Card": "ProximityMine",
            "ReplenishFrequency": 1
          },
          {
            "Card": "Zap",
            "ReplenishFrequency": 1
          },
          {
            "Card": "OilLamp",
            "ReplenishFrequency": 0
          },
          {
            "Card": "GasLamp",
            "ReplenishFrequency": 0
          },
          {
            "Card": "IceLamp",
            "ReplenishFrequency": 0
          },
          {
            "Card": "EyeOfAvalon",
            "ReplenishFrequency": 0
          }
        ],
        "HeroWarlock": [
          {
            "Card": "Heal",
            "ReplenishFrequency": 0
          },
          {
            "Card": "MagicMissile",
            "ReplenishFrequency": 1
          },
          {
            "Card": "ProximityMine",
            "ReplenishFrequency": 1
          },
          {
            "Card": "OilLamp",
            "ReplenishFrequency": 0
          },
          {
            "Card": "GasLamp",
            "ReplenishFrequency": 0
          },
          {
            "Card": "IceLamp",
            "ReplenishFrequency": 0
          },
          {
            "Card": "TeleportLamp",
            "ReplenishFrequency": 0
          },
          {
            "Card": "EyeOfAvalon",
            "ReplenishFrequency": 0
          }
        ]
      }
    },
    {
      "Rule": "StatusEffectConfig",
      "Config": [
        {
          "effectStateType": "Stealthed",
          "durationTurns": 5,
          "tickWhen": "StartTurn",
          "damagePerTurn": 0,
          "clearOnNewLevel": false,
          "damageTags": null,
          "healPerTurn": 0,
          "healthBoost": 0,
          "killOnExpire": false,
          "counterAttackDirections": 0,
          "counterAttackDamage": 0,
          "applyAfterDissipate": "Diseased",
          "useOnDissipate": 0
        },
        {
          "effectStateType": "Courageous",
          "durationTurns": 2,
          "tickWhen": "StartTurn",
          "damagePerTurn": 0,
          "clearOnNewLevel": false,
          "damageTags": null,
          "healPerTurn": 0,
          "healthBoost": 0,
          "killOnExpire": false,
          "counterAttackDirections": 0,
          "counterAttackDamage": 0,
          "applyAfterDissipate": "Diseased",
          "useOnDissipate": 0
        },
        {
          "effectStateType": "Fearless",
          "durationTurns": 2,
          "tickWhen": "StartTurn",
          "damagePerTurn": 0,
          "clearOnNewLevel": false,
          "damageTags": null,
          "healPerTurn": 0,
          "healthBoost": 0,
          "killOnExpire": false,
          "counterAttackDirections": 0,
          "counterAttackDamage": 0,
          "applyAfterDissipate": "Diseased",
          "useOnDissipate": 0
        },
        {
          "effectStateType": "Heroic",
          "durationTurns": 2,
          "tickWhen": "StartTurn",
          "damagePerTurn": 0,
          "clearOnNewLevel": false,
          "damageTags": null,
          "healPerTurn": 0,
          "healthBoost": 0,
          "killOnExpire": false,
          "counterAttackDirections": 0,
          "counterAttackDamage": 0,
          "applyAfterDissipate": "Diseased",
          "useOnDissipate": 0
        }
      ]
    },
    {
      "Rule": "TileEffectDurationOverridden",
      "Config": {
        "Gas": 10,
        "Acid": 1,
        "Web": 10,
        "Water": 10
      }
    },
    {
      "Rule": "EnemyDoorOpeningDisabled",
      "Config": true
    }
  ]
}