{
  "Name": "(Custom) Difficulty: Easy",
  "Description": "Decreased game difficulty for a more casual playstyle.",
  "Longdesc": "More fountains and more gold per floor!\n\n150% energy gained for attacks and recycled cards!\n\nEnemies at 80% normal health and they can't open doors or respawn!",
  "Rules": [
    {
      "Rule": "CardEnergyFromAttackMultiplied",
      "Config": 1.5
    },
    {
      "Rule": "CardEnergyFromRecyclingMultiplied",
      "Config": 1.5
    },
    {
      "Rule": "EnemyHealthScaled",
      "Config": 0.8
    },
    {
      "Rule": "EnemyDoorOpeningDisabled",
      "Config": true
    },
    {
      "Rule": "EnemyRespawnDisabled",
      "Config": true
    },
    {
      "Rule": "LevelPropertiesModified",
      "Config": {
        "BigGoldPileChance": 100,
        "FloorOneHealingFountains": 2,
        "FloorOneLootChests": 4,
        "FloorTwoHealingFountains": 3,
        "FloorTwoLootChests": 5,
        "FloorThreeHealingFountains": 2,
        "FloorThreeLootChests": 2
      }
    }
  ]
}