{
  "Name": "(Custom) Earth Wind & Fire",
  "Description": "Not the band. Let's get Elemental",
  "Longdesc": "",
  "Rules": [
    {
      "Rule": "AbilityDamageOverridden",
      "Config": {
        "Zap": [
          2,
          5
        ]
      }
    },
    {
      "Rule": "StartCardsModified",
      "Config": {
        "HeroBarbarian": [
          {
            "Card": "Heal",
            "ReplenishFrequency": 0
          },
          {
            "Card": "Tornado",
            "ReplenishFrequency": 1
          },
          {
            "Card": "Electricity",
            "ReplenishFrequency": 1
          },
          {
            "Card": "Fireball",
            "ReplenishFrequency": 0
          },
          {
            "Card": "Fireball",
            "ReplenishFrequency": 0
          },
          {
            "Card": "Stealth",
            "ReplenishFrequency": 0
          }
        ],
        "HeroGuardian": [
          {
            "Card": "Heal",
            "ReplenishFrequency": 0
          },
          {
            "Card": "Tornado",
            "ReplenishFrequency": 1
          },
          {
            "Card": "Electricity",
            "ReplenishFrequency": 1
          },
          {
            "Card": "Fireball",
            "ReplenishFrequency": 0
          },
          {
            "Card": "Fireball",
            "ReplenishFrequency": 0
          },
          {
            "Card": "Stealth",
            "ReplenishFrequency": 0
          }
        ],
        "HeroHunter": [
          {
            "Card": "Heal",
            "ReplenishFrequency": 0
          },
          {
            "Card": "Tornado",
            "ReplenishFrequency": 1
          },
          {
            "Card": "Electricity",
            "ReplenishFrequency": 1
          },
          {
            "Card": "Fireball",
            "ReplenishFrequency": 0
          },
          {
            "Card": "Fireball",
            "ReplenishFrequency": 0
          },
          {
            "Card": "Stealth",
            "ReplenishFrequency": 0
          }
        ],
        "HeroRogue": [
          {
            "Card": "Heal",
            "ReplenishFrequency": 0
          },
          {
            "Card": "Tornado",
            "ReplenishFrequency": 1
          },
          {
            "Card": "Electricity",
            "ReplenishFrequency": 1
          },
          {
            "Card": "Fireball",
            "ReplenishFrequency": 0
          },
          {
            "Card": "Fireball",
            "ReplenishFrequency": 0
          },
          {
            "Card": "Stealth",
            "ReplenishFrequency": 0
          }
        ],
        "HeroSorcerer": [
          {
            "Card": "Heal",
            "ReplenishFrequency": 0
          },
          {
            "Card": "Tornado",
            "ReplenishFrequency": 1
          },
          {
            "Card": "Electricity",
            "ReplenishFrequency": 1
          },
          {
            "Card": "Fireball",
            "ReplenishFrequency": 0
          },
          {
            "Card": "Fireball",
            "ReplenishFrequency": 0
          },
          {
            "Card": "Stealth",
            "ReplenishFrequency": 0
          }
        ],
        "HeroBard": [
          {
            "Card": "Heal",
            "ReplenishFrequency": 0
          },
          {
            "Card": "Tornado",
            "ReplenishFrequency": 1
          },
          {
            "Card": "Electricity",
            "ReplenishFrequency": 1
          },
          {
            "Card": "Fireball",
            "ReplenishFrequency": 0
          },
          {
            "Card": "Fireball",
            "ReplenishFrequency": 0
          },
          {
            "Card": "Stealth",
            "ReplenishFrequency": 0
          }
        ],
        "HeroWarlock": [
          {
            "Card": "Heal",
            "ReplenishFrequency": 0
          },
          {
            "Card": "Tornado",
            "ReplenishFrequency": 1
          },
          {
            "Card": "Electricity",
            "ReplenishFrequency": 1
          },
          {
            "Card": "Fireball",
            "ReplenishFrequency": 0
          },
          {
            "Card": "Fireball",
            "ReplenishFrequency": 0
          },
          {
            "Card": "Stealth",
            "ReplenishFrequency": 0
          }
        ]
      }
    },
    {
      "Rule": "CardAdditionOverridden",
      "Config": {
        "HeroBarbarian": [
          "Bone",
          "Fireball",
          "Teleport",
          "RevealPath",
          "Freeze",
          "Strength",
          "Speed",
          "DamageResistPotion",
          "VigorPotion",
          "ExtraActionPotion",
          "CallCompanion",
          "Whirlwind",
          "LetItRain",
          "WaterDive",
          "GodsFury",
          "DamageResistPotion",
          "Heal",
          "WoodBone",
          "TorchLight"
        ],
        "HeroGuardian": [
          "Bone",
          "Fireball",
          "Teleport",
          "RevealPath",
          "Freeze",
          "Strength",
          "Speed",
          "DamageResistPotion",
          "VigorPotion",
          "ExtraActionPotion",
          "CallCompanion",
          "Whirlwind",
          "LetItRain",
          "WaterDive",
          "GodsFury",
          "DamageResistPotion",
          "Heal",
          "WoodBone",
          "TorchLight"
        ],
        "HeroHunter": [
          "Bone",
          "Fireball",
          "Teleport",
          "RevealPath",
          "Freeze",
          "Strength",
          "Speed",
          "DamageResistPotion",
          "VigorPotion",
          "ExtraActionPotion",
          "CallCompanion",
          "Whirlwind",
          "LetItRain",
          "WaterDive",
          "GodsFury",
          "DamageResistPotion",
          "Heal",
          "WoodBone",
          "TorchLight"
        ],
        "HeroRogue": [
          "Bone",
          "Fireball",
          "Teleport",
          "RevealPath",
          "Freeze",
          "Strength",
          "Speed",
          "DamageResistPotion",
          "VigorPotion",
          "ExtraActionPotion",
          "CallCompanion",
          "Whirlwind",
          "LetItRain",
          "WaterDive",
          "GodsFury",
          "DamageResistPotion",
          "Heal",
          "WoodBone",
          "TorchLight"
        ],
        "HeroSorcerer": [
          "Bone",
          "Fireball",
          "Teleport",
          "RevealPath",
          "Freeze",
          "Strength",
          "Speed",
          "DamageResistPotion",
          "VigorPotion",
          "ExtraActionPotion",
          "CallCompanion",
          "Whirlwind",
          "LetItRain",
          "WaterDive",
          "GodsFury",
          "DamageResistPotion",
          "Heal",
          "WoodBone",
          "TorchLight"
        ],
        "HeroBard": [
          "Bone",
          "Fireball",
          "Teleport",
          "RevealPath",
          "Freeze",
          "Strength",
          "Speed",
          "DamageResistPotion",
          "VigorPotion",
          "ExtraActionPotion",
          "CallCompanion",
          "Whirlwind",
          "LetItRain",
          "WaterDive",
          "GodsFury",
          "DamageResistPotion",
          "Heal",
          "WoodBone",
          "TorchLight"
        ],
        "HeroWarlock": [
          "Bone",
          "Fireball",
          "Teleport",
          "RevealPath",
          "Freeze",
          "Strength",
          "Speed",
          "DamageResistPotion",
          "VigorPotion",
          "ExtraActionPotion",
          "CallCompanion",
          "Whirlwind",
          "LetItRain",
          "WaterDive",
          "GodsFury",
          "DamageResistPotion",
          "Heal",
          "WoodBone",
          "TorchLight"
        ]
      }
    },
    {
      "Rule": "PieceConfigAdjusted",
      "Config": [
        {
          "Piece": "HeroGuardian",
          "Property": "StartArmor",
          "Value": 0.0
        },
        {
          "Piece": "Sigataur",
          "Property": "StartHealth",
          "Value": 38.0
        },
        {
          "Piece": "Brookmare",
          "Property": "StartHealth",
          "Value": 75.0
        },
        {
          "Piece": "Brookmare",
          "Property": "StartArmor",
          "Value": 5.0
        },
        {
          "Piece": "HeroSorcerer",
          "Property": "AttackDamage",
          "Value": 3.0
        }
      ]
    },
    {
      "Rule": "BackstabConfigOverridden",
      "Config": [
        "HeroBarbarian",
        "HeroGuardian",
        "HeroSorcerer",
        "HeroRogue",
        "HeroBard",
        "HeroWarlock"
      ]
    },
    {
      "Rule": "AbilityBackstabAdjusted",
      "Config": {
        "Zap": true,
        "HunterArrow": true,
        "PiercingSpear": true,
        "PoisonedTip": true,
        "Fireball": true,
        "Freeze": true,
        "Bone": true,
        "Whirlwind": true,
        "Grapple": true,
        "GrapplingPush": true
      }
    },
    {
      "Rule": "MonsterDeckOverridden",
      "Config": {
        "EntranceDeckFloor1": {
          "Spider": 0,
          "IceElemental": 2,
          "ChestGoblin": 3,
          "FireElemental": 2
        },
        "ExitDeckFloor1": {
          "Rat": 20,
          "Spider": 20,
          "IceElemental": 2,
          "ChestGoblin": 3,
          "Mimic": 1,
          "GoblinMadUn": 1,
          "DruidArcher": 1
        },
        "EntranceDeckFloor2": {
          "Spider": 0,
          "GoblinFighter": 0,
          "ScabRat": 2,
          "SporeFungus": 5,
          "SpiderEgg": 3,
          "FireElemental": 2,
          "ElvenArcher": 2
        },
        "ExitDeckFloor2": {
          "Spider": 20,
          "Rat": 30,
          "Bandit": 2,
          "Mimic": 5,
          "ElvenPriest": 4,
          "ElvenMarauder": 2
        },
        "BossDeck": {
          "SpiderEgg": 10,
          "TheUnseen": 0,
          "TheUnheard": 0,
          "TheUnspoken": 0,
          "Slimeling": 0,
          "Sigataur": 2
        },
        "KeyHolderFloor1": "Cavetroll",
        "KeyHolderFloor2": "Sigataur",
        "Boss": "Brookmare"
      }
    },
    {
      "Rule": "AbilityAoeAdjusted",
      "Config": {
        "StrengthenCourage": 1,
        "ReplenishArmor": 1,
        "Strength": 1,
        "Speed": 1,
        "Antidote": 1,
        "DamageResistPotion": 1,
        "VigorPotion": 1,
        "ExtraActionPotion": 1,
        "Invulnerability": 1,
        "Heal": 1,
        "FreeAP": 1
      }
    },
    {
      "Rule": "AbilityHealOverridden",
      "Config": {
        "Heal": 3
      }
    },
    {
      "Rule": "RegainAbilityIfMaxxedOutOverridden",
      "Config": {
        "Strength": false,
        "Speed": false,
        "DamageResistPotion": false,
        "VigorPotion": false
      }
    },
    {
      "Rule": "PieceUseWhenKilledOverridden",
      "Config": {
        "Spider": [
          "Heal",
          "ExtraActionPotion"
        ],
        "IceElemental": [
          "LetItRain"
        ]
      }
    },
    {
      "Rule": "PieceAbilityListOverridden",
      "Config": {
        "HeroBarbarian": [
          "ExtraActionPotion",
          "EarthShatter",
          "Fireball",
          "Tornado",
          "AbsorbMySoul"
        ],
        "HeroGuardian": [
          "ExtraActionPotion",
          "EarthShatter",
          "Fireball",
          "Tornado",
          "AbsorbMySoul"
        ],
        "HeroHunter": [
          "ExtraActionPotion",
          "EarthShatter",
          "Fireball",
          "Tornado",
          "AbsorbMySoul"
        ],
        "HeroSorcerer": [
          "ExtraActionPotion",
          "EarthShatter",
          "Fireball",
          "Tornado",
          "AbsorbMySoul"
        ],
        "HeroRogue": [
          "ExtraActionPotion",
          "EarthShatter",
          "Fireball",
          "Tornado",
          "AbsorbMySoul"
        ],
        "HeroBard": [
          "ExtraActionPotion",
          "EarthShatter",
          "Fireball",
          "Tornado",
          "AbsorbMySoul"
        ],
        "HeroWarlock": [
          "ExtraActionPotion",
          "EarthShatter",
          "Fireball",
          "Tornado",
          "AbsorbMySoul"
        ]
      }
    },
    {
      "Rule": "EnemyRespawnDisabled",
      "Config": true
    },
    {
      "Rule": "LampTypesOverridden",
      "Config": {
        "1": [
          "OilLamp",
          "OilLamp",
          "OilLamp",
          "VortexLamp"
        ],
        "2": [
          "GasLamp",
          "GasLamp",
          "GasLamp",
          "VortexLamp"
        ],
        "3": [
          "IceLamp",
          "IceLamp",
          "IceLamp",
          "VortexLamp"
        ]
      }
    }
  ]
}